1,2,lwaddup0@scientificamerican.com,$2y$10$Fx9BMAPK.DhtOwgPPMX.Q.2fgvRW6et9oy.OZ8tKUVP634fY6NV4S,Lynnelle,Waddup,4/28/2021,4/28/2021,1
2,3,vpirie1@vkontakte.ru,$2y$10$Fx9BMAPK.DhtOwgPPMX.Q.2fgvRW6et9oy.OZ8tKUVP634fY6NV4S,Vania,Pirie,1/4/2021,1/4/2021,1
3,3,vpirie1@vkontakte.ru,$2y$10$Fx9BMAPK.DhtOwgPPMX.Q.2fgvRW6et9oy.OZ8tKUVP634fY6NV4S,Niki,Harrower,2/17/2021,2/17/2021,1
4,3,vpirie1@vkontakte.ru,$2y$10$Fx9BMAPK.DhtOwgPPMX.Q.2fgvRW6et9oy.OZ8tKUVP634fY6NV4S,Cherie,McGowan,3/31/2021,3/31/2021,1
5,3,vpirie1@vkontakte.ru,$2y$10$Fx9BMAPK.DhtOwgPPMX.Q.2fgvRW6et9oy.OZ8tKUVP634fY6NV4S,Hobard,Joules,7/16/2020,7/16/2020,1
6,3,vpirie1@vkontakte.ru,$2y$10$Fx9BMAPK.DhtOwgPPMX.Q.2fgvRW6et9oy.OZ8tKUVP634fY6NV4S,Irv,Warwicker,4/28/2021,5/5/2021,1
7,3,vpirie1@vkontakte.ru,$2y$10$Fx9BMAPK.DhtOwgPPMX.Q.2fgvRW6et9oy.OZ8tKUVP634fY6NV4S,Birgitta,Unwin,1/4/2021,4/19/2021,1
8,3,vpirie1@vkontakte.ru,$2y$10$Fx9BMAPK.DhtOwgPPMX.Q.2fgvRW6et9oy.OZ8tKUVP634fY6NV4S,Kurt,Urwen,2/17/2021,11/30/2020,1
9,3,vpirie1@vkontakte.ru,$2y$10$Fx9BMAPK.DhtOwgPPMX.Q.2fgvRW6et9oy.OZ8tKUVP634fY6NV4S,Lalo,MacLoughlin,3/31/2021,6/24/2020,1
10,3,vpirie1@vkontakte.ru,$2y$10$Fx9BMAPK.DhtOwgPPMX.Q.2fgvRW6et9oy.OZ8tKUVP634fY6NV4S,Ashien,Gotmann,7/16/2020,7/25/2020,1
11,3,vpirie1@vkontakte.ru,$2y$10$Fx9BMAPK.DhtOwgPPMX.Q.2fgvRW6et9oy.OZ8tKUVP634fY6NV4S,Stace,Birden,4/28/2021,4/18/2021,1
12,3,vpirie1@vkontakte.ru,$2y$10$Fx9BMAPK.DhtOwgPPMX.Q.2fgvRW6et9oy.OZ8tKUVP634fY6NV4S,Shannon,Churm,1/4/2021,6/1/2020,1
13,3,vpirie1@vkontakte.ru,$2y$10$Fx9BMAPK.DhtOwgPPMX.Q.2fgvRW6et9oy.OZ8tKUVP634fY6NV4S,Tracie,Colthard,2/17/2021,2/12/2021,1
14,3,vpirie1@vkontakte.ru,$2y$10$Fx9BMAPK.DhtOwgPPMX.Q.2fgvRW6et9oy.OZ8tKUVP634fY6NV4S,Thor,Libbe,3/31/2021,5/17/2020,1
15,3,vpirie1@vkontakte.ru,$2y$10$Fx9BMAPK.DhtOwgPPMX.Q.2fgvRW6et9oy.OZ8tKUVP634fY6NV4S,Pavia,Weyland,7/16/2020,11/5/2020,1
16,3,vpirie1@vkontakte.ru,$2y$10$Fx9BMAPK.DhtOwgPPMX.Q.2fgvRW6et9oy.OZ8tKUVP634fY6NV4S,Rory,Montgomery,4/28/2021,11/22/2020,1
17,3,vpirie1@vkontakte.ru,$2y$10$Fx9BMAPK.DhtOwgPPMX.Q.2fgvRW6et9oy.OZ8tKUVP634fY6NV4S,Bab,Tullett,1/4/2021,6/20/2020,1
18,3,vpirie1@vkontakte.ru,$2y$10$Fx9BMAPK.DhtOwgPPMX.Q.2fgvRW6et9oy.OZ8tKUVP634fY6NV4S,Hali,Dubarry,2/17/2021,9/14/2020,1
19,3,vpirie1@vkontakte.ru,$2y$10$Fx9BMAPK.DhtOwgPPMX.Q.2fgvRW6et9oy.OZ8tKUVP634fY6NV4S,Malvina,Deans,3/31/2021,10/6/2020,1
